,sepal.length,sepal.width,petal.length,petal.width
mean,5.882550335570471,3.0778523489932894,3.78322147651007,1.2073825503355713
median,5.8,3.0,4.4,1.3
sd,0.6872418075369363,0.19040327405289514,3.116918244507398,0.5810714887079571
